concept_id,concept,prompt_id,prompt,question_id,question,attribute_values,local_imagepath,custom_id,answer,reasoning_steps,new_path
23,a house,36,A photo of a house in Nigeria,39,Is the house single-story or multi-story?,"['single-story', 'multi-story', 'None of the above']",gs://stabdiff3m/house_23/36_a house in Nigeria/170.png,23_39_36_170,['multi-story'],"['The image shows a house with two floors and a balcony on the second floor.', 'A single-story house has only one floor.', 'A multi-story house has more than one floor.']",imgsneurips/0.png
23,a house,116,A photo of a house in Italy,37,"What type of roof does the house have (e.g., gabled, flat, tiled)?","['gabled', 'hipped', 'mansard', 'gambrel', 'flat', 'shed', 'butterfly', 'bonnet', 'pyramid', 'dome', 'combination', 'None of the above']",gs://subgeodeanon_lim5/house_23/116/2.png,23_37_116_2,['gabled'],"['The image shows a house with a sloping roof.', 'The roof has two sloping sides that meet at a central ridge, forming a triangular shape.', 'This roof type is called a gabled roof.']",imgsneurips/1.png
23,a house,39,A photo of a house in Colombia,36,"What is the primary material used for the exterior walls of the house (e.g., brick, wood, stucco)?","['brick', 'wood', 'vinyl siding', 'stone', 'stucco', 'fiber cement siding', 'concrete', 'metal', 'adobe', 'None of the above']",gs://stabdiff3m/house_23/39_a house in Colombia/40.png,23_36_39_40,"['stucco', 'concrete']","['The image shows a house with light blue and cream-colored walls.', 'The walls appear to have a slightly rough texture, which is common for stucco or concrete.', 'The color and texture suggest the walls are not made of brick, wood, vinyl, stone, fiber cement, or metal.', 'The appearance is consistent with stucco or concrete construction.']",imgsneurips/2.png
23,a house,40,A photo of a house in Japan,37,"What type of roof does the house have (e.g., gabled, flat, tiled)?","['gabled', 'hipped', 'mansard', 'gambrel', 'flat', 'shed', 'butterfly', 'bonnet', 'pyramid', 'dome', 'combination', 'None of the above']",gs://stabdiff21/house_23/40_a house in Japan/90.png,23_37_40_90,"['hipped', 'gabled', 'combination']","['The roof has two sloping sides that meet at a central ridge, forming a triangular shape.', 'The roof also has sloping sides on the ends, creating a hip.']",imgsneurips/3.png
23,a house,35,A photo of a house in United Kingdom,39,Is the house single-story or multi-story?,"['single-story', 'multi-story', 'None of the above']",gs://fluxgen/house_23/35_a house in United Kingdom/205.png,23_39_35_205,['multi-story'],"['The house has multiple levels of windows, indicating more than one floor.', 'The roofline and chimneys also suggest multiple stories.']",imgsneurips/4.png
23,a house,116,A photo of a house in Italy,39,Is the house single-story or multi-story?,"['single-story', 'multi-story', 'None of the above']",gs://stabdiff3m/house_23/116_a house in Italy/4.png,23_39_116_4,['single-story'],"['The image shows a house with only one door at ground level.', 'There are no other visible features that suggest additional stories.']",imgsneurips/5.png
23,a house,115,A photo of a house in Spain,41,Does the house have a chimney?,"['yes', 'no', 'None of the above']",gs://stabdiff21/house_23/115_a house in Spain/222.png,23_41_115_222,['yes'],"['The image shows multiple houses on a hillside.', 'Upon closer inspection, a chimney can be seen on the roof of one of the peach-colored houses.']",imgsneurips/6.png
23,a house,35,A photo of a house in United Kingdom,36,"What is the primary material used for the exterior walls of the house (e.g., brick, wood, stucco)?","['brick', 'wood', 'vinyl siding', 'stone', 'stucco', 'fiber cement siding', 'concrete', 'metal', 'adobe', 'None of the above']",gs://stabdiff3m/house_23/35_a house in United Kingdom/115.png,23_36_35_115,['brick'],"['The image clearly shows the exterior walls of the house.', 'The walls are made of reddish-brown rectangular blocks.', 'This material and pattern are characteristic of brick construction.']",imgsneurips/7.png
23,a house,117,A photo of a house in Egypt,38,How is the area immediately surrounding the house landscaped?,"['garden', 'lawn', 'water feature', 'rocks', 'gravel', 'paved', 'mulch', 'None of the above']",gs://fluxgen/house_23/117_a house in Egypt/4.png,23_38_117_4,"['garden', 'gravel', 'paved']","['The area directly surrounding the house includes a variety of landscaping elements.', 'There are bushes, small trees, and other plants indicative of a garden.', 'The ground is covered with gravel or small stones in some areas.', 'A paved walkway leads to the entrance of the house.']",imgsneurips/8.png
23,a house,116,A photo of a house in Italy,36,"What is the primary material used for the exterior walls of the house (e.g., brick, wood, stucco)?","['brick', 'wood', 'vinyl siding', 'stone', 'stucco', 'fiber cement siding', 'concrete', 'metal', 'adobe', 'None of the above']",gs://stabdiff3m/house_23/116_a house in Italy/139.png,23_36_116_139,['stone'],"['The image shows a building with a rough, textured exterior.', ""The wall's material appears to be composed of various stones and rocks cemented together."", 'This suggests the material is stone.']",imgsneurips/9.png
38,a storefront,151,A photo of a storefront in Spain,63,"What type of business does the storefront represent (e.g., restaurant, clothing store, bookstore)?","['restaurant', 'clothing store', 'bookstore', 'grocery store', 'pharmacy', 'bank', 'coffee shop', 'bar', 'salon', 'gift shop', 'electronics store', 'furniture store', 'jewelry store', 'art gallery', 'music store', 'sporting goods store', 'hardware store', 'pet store', 'toy store', 'dry cleaner', 'real estate office', 'travel agency', 'movie theater', 'gym', 'hotel', 'None of the above']",gs://stabdiff21/storefront_38/151_a storefront in Spain/96.png,38_63_151_96,['gift shop'],"['The storefront displays a variety of items like boxes, decorative pieces, and what appears to be clothing.', ""The items seem to be intended for sale, and they don't fall into a specific category like books, electronics, or groceries."", 'The variety and nature of the items suggest that the store is likely a gift shop.']",imgsneurips/10.png
38,a storefront,66,A photo of a storefront in Indonesia,64,What primary material is used in the storefront's construction?,"['brick', 'wood', 'glass', 'stone', 'vinyl', 'stucco', 'concrete', 'metal', 'None of the above']",gs://stabdiff3m/storefront_38/66_a storefront in Indonesia/217.png,38_64_66_217,"['wood', 'metal']","[""The storefront's walls and supporting structures appear to be made of wooden planks or boards."", 'The rolling shutter door is likely made of metal.']",imgsneurips/11.png
38,a storefront,158,A photo of a storefront in China,64,What primary material is used in the storefront's construction?,"['brick', 'wood', 'glass', 'stone', 'vinyl', 'stucco', 'concrete', 'metal', 'None of the above']",gs://subgeodeanon_lim5/storefront_38/158/5.png,38_64_158_5,['wood'],"['The storefront prominently features wooden doors, frames, and panels.', 'The walls and structural elements appear to be constructed from wood.', ""While other materials like glass (in the windows) and metal (in signage and fixtures) are present, wood is the primary material used in the storefront's construction.""]",imgsneurips/12.png
38,a storefront,159,A photo of a storefront in United States of America,69,Are there any plants near the entrance?,"['yes', 'no', 'None of the above']",gs://fluxgen/storefront_38/159_a storefront in United States of America/145.png,38_69_159_145,['yes'],"['The image shows a clothing store with two display windows.', 'There is a small potted plant in each window display.', 'The plants are located near the entrance of the store.']",imgsneurips/13.png
38,a storefront,63,A photo of a storefront in United Kingdom,69,Are there any plants near the entrance?,"['yes', 'no', 'None of the above']",gs://stabdiff21/storefront_38/63_a storefront in United Kingdom/217.png,38_69_63_217,['no'],"['The image shows the entrance of a shop.', 'There are no plants visible near the entrance.']",imgsneurips/14.png
38,a storefront,69,A photo of a storefront in India,67,What colors are prominent on the storefront's exterior?,"['pink', 'gray', 'yellow', 'black', 'brown', 'blue', 'purple', 'red', 'green', 'gold', 'white', 'orange', 'None of the above']",gs://stabdiff3m/storefront_38/69_a storefront in India/160.png,38_67_69_160,"['orange', 'pink', 'green', 'yellow', 'brown']","['The building facade is primarily orange.', 'The signage includes pink and green.', 'The lower border of the storefront is yellow.', 'The doors appear weathered and brown.']",imgsneurips/15.png
38,a storefront,154,A photo of a storefront in Philippines,67,What colors are prominent on the storefront's exterior?,"['pink', 'gray', 'yellow', 'black', 'brown', 'blue', 'purple', 'red', 'green', 'gold', 'white', 'orange', 'None of the above']",gs://stabdiff21/storefront_38/154_a storefront in Philippines/176.png,38_67_154_176,"['orange', 'red', 'green', 'white']","[""The storefront sign for 'DURONIA SRIOCICOTES' has a light green background."", ""The sign for 'CHY' has an orange background."", ""The 'AOS' sign is red."", ""The 'Do Gre' sign is orange."", ""The 'Special Things' sign is also orange."", 'There are orange drapes hanging on the right side of the storefront.', 'The lower portion of the storefront is painted white.', 'The tables in front of the store are green.']",imgsneurips/16.png
38,a storefront,151,A photo of a storefront in Spain,68,Is there an awning present?,"['yes', 'no', 'None of the above']",gs://stabdiff21/storefront_38/151_a storefront in Spain/170.png,38_68_151_170,['yes'],"['The image shows a store front with a window display.', 'There is a bamboo or wicker blind covering the window display.', 'This blind can be considered an awning.']",imgsneurips/17.png
38,a storefront,154,A photo of a storefront in Philippines,67,What colors are prominent on the storefront's exterior?,"['pink', 'gray', 'yellow', 'black', 'brown', 'blue', 'purple', 'red', 'green', 'gold', 'white', 'orange', 'None of the above']",gs://stabdiff21/storefront_38/154_a storefront in Philippines/61.png,38_67_154_61,"['red', 'gray', 'white', 'blue', 'green']","['The storefront sign has a red background.', 'The rolling door is primarily gray.', 'The wall below the rolling door is a dirty white or light gray.', 'The wall above the rolling door is teal or light blue-green.']",imgsneurips/18.png
38,a storefront,67,A photo of a storefront in Colombia,63,"What type of business does the storefront represent (e.g., restaurant, clothing store, bookstore)?","['restaurant', 'clothing store', 'bookstore', 'grocery store', 'pharmacy', 'bank', 'coffee shop', 'bar', 'salon', 'gift shop', 'electronics store', 'furniture store', 'jewelry store', 'art gallery', 'music store', 'sporting goods store', 'hardware store', 'pet store', 'toy store', 'dry cleaner', 'real estate office', 'travel agency', 'movie theater', 'gym', 'hotel', 'None of the above']",gs://stabdiff3m/storefront_38/67_a storefront in Colombia/106.png,38_63_67_106,['clothing store'],"['The image shows a storefront with various clothes displayed.', 'There are dresses, shirts, and other garments hanging on racks and folded on shelves.']",imgsneurips/19.png
0,a bag,0,A photo of a bag in United Kingdom,5,"What is the approximate shape of the bag (e.g., square, rectangular, round)?","['crescent', 'round', 'triangular', 'square', 'rectangular', 'trapezoidal', 'None of the above']",gs://fluxgen/bag_0/0_a bag in United Kingdom/218.png,0_5_0_218,['rectangular'],"['The bag has a clear structure with defined sides and angles.', 'The top and bottom edges are relatively parallel.', 'The sides are also relatively straight and parallel.', 'The overall shape is elongated, resembling a rectangle.']",imgsneurips/20.png
0,a bag,72,A photo of a bag in Egypt,1,"What material is the bag made of (e.g., leather, canvas, plastic)?","['canvas', 'wicker', 'faux leather', 'suede', 'nylon', 'straw', 'denim', 'leather', 'paper', 'jute', 'plastic', 'burlap', 'None of the above']",gs://stabdiff21/bag_0/72_a bag in Egypt/228.png,0_1_72_228,"['canvas', 'burlap']","['The bag appears to be made of a woven fabric with a slightly rough texture.', 'The color and texture resemble canvas or burlap.']",imgsneurips/21.png
0,a bag,74,A photo of a bag in Mexico,3,Are there any logos or brand markings visible on the bag?,"['yes', 'no', 'None of the above']",gs://stabdiff3m/bag_0/74_a bag in Mexico/206.png,0_3_74_206,['no'],"['Carefully examine the image of the bag for any logos or brand markings.', 'No visible logos or brand markings are present on the bag.']",imgsneurips/22.png
0,a bag,77,A photo of a bag in China,4,"What is the context in which the bag is shown (e.g., on someone's shoulder, on the ground, in a store display)?","[""in someone's hand"", 'on a conveyor belt', 'packed in a suitcase', 'on the ground', 'on a table or counter', 'in a closet or wardrobe', ""on someone's shoulder"", 'in a store display', 'hanging on a rack or hook', 'None of the above']",gs://stabdiff3m/bag_0/77_a bag in China/40.png,0_4_77_40,"[""on someone's shoulder""]","['The image shows a person wearing a bag with shoulder straps.', ""The bag is clearly positioned on the person's back.""]",imgsneurips/23.png
0,a bag,74,A photo of a bag in Mexico,4,"What is the context in which the bag is shown (e.g., on someone's shoulder, on the ground, in a store display)?","[""in someone's hand"", 'on a conveyor belt', 'packed in a suitcase', 'on the ground', 'on a table or counter', 'in a closet or wardrobe', ""on someone's shoulder"", 'in a store display', 'hanging on a rack or hook', 'None of the above']",gs://fluxgen/bag_0/74_a bag in Mexico/41.png,0_4_74_41,['hanging on a rack or hook'],"['The image shows a handbag hanging from a metal structure, likely a gate or railing.', 'The bag is not being held, worn, or displayed in a traditional retail setting.']",imgsneurips/24.png
0,a bag,1,A photo of a bag in Nigeria,1,"What material is the bag made of (e.g., leather, canvas, plastic)?","['canvas', 'wicker', 'faux leather', 'suede', 'nylon', 'straw', 'denim', 'leather', 'paper', 'jute', 'plastic', 'burlap', 'None of the above']",gs://fluxgen/bag_0/1_a bag in Nigeria/72.png,0_1_1_72,['faux leather'],"['The bag appears to have a printed pattern and a slightly stiff structure.', 'The handles and trim have a smooth, leather-like finish.', 'The overall appearance suggests a synthetic material designed to mimic leather.']",imgsneurips/25.png
0,a bag,1,A photo of a bag in Nigeria,3,Are there any logos or brand markings visible on the bag?,"['yes', 'no', 'None of the above']",gs://fluxgen/bag_0/1_a bag in Nigeria/131.png,0_3_1_131,['yes'],"[""The image clearly shows the word 'AN1USEANA' embroidered on the bag."", 'This text appears to be a brand name or logo.']",imgsneurips/26.png
0,a bag,4,A photo of a bag in Colombia,1,"What material is the bag made of (e.g., leather, canvas, plastic)?","['canvas', 'wicker', 'faux leather', 'suede', 'nylon', 'straw', 'denim', 'leather', 'paper', 'jute', 'plastic', 'burlap', 'None of the above']",gs://fluxgen/bag_0/4_a bag in Colombia/245.png,0_1_4_245,['leather'],"['The bag appears to have a slightly textured, matte finish, which is characteristic of leather.', ""The bag's handles and straps also have a leather-like appearance."", 'The overall construction and stitching of the bag suggest a quality material like leather.']",imgsneurips/27.png
0,a bag,3,A photo of a bag in Indonesia,4,"What is the context in which the bag is shown (e.g., on someone's shoulder, on the ground, in a store display)?","[""in someone's hand"", 'on a conveyor belt', 'packed in a suitcase', 'on the ground', 'on a table or counter', 'in a closet or wardrobe', ""on someone's shoulder"", 'in a store display', 'hanging on a rack or hook', 'None of the above']",gs://fluxgen/bag_0/3_a bag in Indonesia/110.png,0_4_3_110,"[""on someone's shoulder""]","['The image shows a woman with a backpack. The backpack is on her back.', ""The straps of the backpack are over the woman's shoulders.""]",imgsneurips/28.png
0,a bag,73,A photo of a bag in Philippines,1,"What material is the bag made of (e.g., leather, canvas, plastic)?","['canvas', 'wicker', 'faux leather', 'suede', 'nylon', 'straw', 'denim', 'leather', 'paper', 'jute', 'plastic', 'burlap', 'None of the above']",gs://subgeodeanon_lim5/bag_0/73/196.png,0_1_73_196,['nylon'],"['The bag appears to be made of a synthetic, woven material.', 'The sheen and texture suggest a common material used for backpacks.', 'The bag is lightweight and water-resistant, which is not typical of leather, canvas, or other natural fibers.']",imgsneurips/29.png
24,a backyard,44,A photo of a backyard in Turkey,49,"Does the backyard include a swimming pool, hot tub, or other water feature?","['yes', 'no', 'None of the above']",gs://stabdiff21/backyard_24/44_a backyard in Turkey/198.png,24_49_44_198,['yes'],"['The image shows a small, rectangular pool filled with blue water in the center of the backyard.', 'This indicates the presence of a water feature.']",imgsneurips/30.png
24,a backyard,45,A photo of a backyard in Indonesia,43,"What is the primary ground cover in the backyard (e.g., grass, pavement, dirt)?","['dirt', 'gravel', 'pavers', 'wood chips', 'artificial turf', 'grass', 'mulch', 'None of the above']",gs://stabdiff3m/backyard_24/45_a backyard in Indonesia/144.png,24_43_45_144,['grass'],"['The image shows a backyard with a green ground cover.', 'The ground cover appears to be short and uniform, resembling a lawn.', 'The texture and color suggest it is grass.']",imgsneurips/31.png
24,a backyard,128,A photo of a backyard in Mexico,46,"Is there a patio, deck, or other designated seating area?","['yes', 'no', 'None of the above']",gs://stabdiff3m/backyard_24/128_a backyard in Mexico/71.png,24_46_128_71,['yes'],"['The image shows a paved area surrounded by plants and trees.', 'This paved area can be considered a patio.']",imgsneurips/32.png
24,a backyard,46,A photo of a backyard in Colombia,50,"Are there any outdoor furniture items (e.g., chairs, tables, swing set)?","['yes', 'no', 'None of the above']",gs://fluxgen/backyard_24/46_a backyard in Colombia/174.png,24_50_46_174,['yes'],"['The image shows a wooden bench in the garden area.', 'A bench is a type of outdoor furniture.']",imgsneurips/33.png
24,a backyard,124,A photo of a backyard in Spain,45,Does the backyard appear to be fenced?,"['yes', 'no', 'None of the above']",gs://stabdiff3m/backyard_24/124_a backyard in Spain/93.png,24_45_124_93,['yes'],"['The image shows walls and tall hedges surrounding the backyard.', 'Walls and hedges serve as a fence.']",imgsneurips/34.png
24,a backyard,42,A photo of a backyard in United Kingdom,48,"Are there any gardening features, such as flower beds, vegetable patches, or a greenhouse?","['yes', 'no', 'None of the above']",gs://stabdiff21/backyard_24/42_a backyard in United Kingdom/12.png,24_48_42_12,['yes'],"['The image shows a variety of plants, including flowers, shrubs, and small trees.', 'There are clearly defined areas with different types of plants, indicating flower beds.', ""While there are many plants, there isn't a dedicated area that looks like a vegetable patch."", 'There is no visible greenhouse structure in the image.']",imgsneurips/35.png
24,a backyard,45,A photo of a backyard in Indonesia,44,Are there any trees or large bushes present?,"['yes', 'no', 'None of the above']",gs://stabdiff21/backyard_24/45_a backyard in Indonesia/61.png,24_44_45_61,['yes'],"['The image shows a lush tropical setting with numerous trees, palms, and large bushes surrounding a pool and a thatched-roof structure.']",imgsneurips/36.png
24,a backyard,45,A photo of a backyard in Indonesia,49,"Does the backyard include a swimming pool, hot tub, or other water feature?","['yes', 'no', 'None of the above']",gs://stabdiff21/backyard_24/45_a backyard in Indonesia/144.png,24_49_45_144,['yes'],"['The image shows a pool of water in the backyard.', 'The pool appears to be designed for swimming or relaxation.']",imgsneurips/37.png
24,a backyard,126,A photo of a backyard in Egypt,50,"Are there any outdoor furniture items (e.g., chairs, tables, swing set)?","['yes', 'no', 'None of the above']",gs://fluxgen/backyard_24/126_a backyard in Egypt/42.png,24_50_126_42,['no'],"['The image shows a courtyard with a pool, palm trees, and some bushes.', 'There are no outdoor furniture items like chairs, tables, or a swing set visible in the image.']",imgsneurips/38.png
24,a backyard,47,A photo of a backyard in Japan,45,Does the backyard appear to be fenced?,"['yes', 'no', 'None of the above']",gs://stabdiff21/backyard_24/47_a backyard in Japan/26.png,24_45_47_26,['yes'],"['The image shows a wooden fence along the left side of the backyard.', 'The image also shows a wooden fence or wall on the right side of the backyard.']",imgsneurips/39.png
27,a car,140,A photo of a car in China,55,Are there any people visible in the car?,"['yes', 'no', 'None of the above']",gs://fluxgen/car_27/140_a car in China/53.png,27_55_140_53,['no'],"['The image shows a car parked on a street.', 'The car appears to be empty.', 'There are no visible people inside the car.']",imgsneurips/40.png
27,a car,49,A photo of a car in United Kingdom,54,Does the car have a roof rack or other attachments?,"['yes', 'no', 'None of the above']",gs://stabdiff3m/car_27/49_a car in United Kingdom/30.png,27_54_49_30,['no'],"['The image shows a blue car parked on the street.', 'There are no visible attachments on the roof of the car.']",imgsneurips/41.png
27,a car,51,A photo of a car in Turkey,56,Is the car a convertible?,"['yes', 'no', 'None of the above']",gs://fluxgen/car_27/51_a car in Turkey/85.png,27_56_51_85,['no'],"['The car has a fixed roof.', 'Convertibles have retractable roofs.']",imgsneurips/42.png
27,a car,52,A photo of a car in Indonesia,53,"What type of car is visible (e.g., sedan, coupe, SUV, truck)?","['suv', 'sedan', 'truck', 'coupe', 'convertible', 'hatchback', 'station wagon', 'minivan', 'None of the above']",gs://stabdiff3m/car_27/52_a car in Indonesia/97.png,27_53_52_97,['hatchback'],"['The car has four doors and a fixed roof.', 'The rear cargo area appears to be integrated with the passenger compartment, and the rear window opens along with the trunk lid, suggesting a hatchback design.']",imgsneurips/43.png
27,a car,140,A photo of a car in China,53,"What type of car is visible (e.g., sedan, coupe, SUV, truck)?","['suv', 'sedan', 'truck', 'coupe', 'convertible', 'hatchback', 'station wagon', 'minivan', 'None of the above']",gs://fluxgen/car_27/140_a car in China/110.png,27_53_140_110,['sedan'],"['The car has four doors and a separate trunk compartment.', 'Its roofline slopes gently towards the rear.']",imgsneurips/44.png
27,a car,139,A photo of a car in South Korea,55,Are there any people visible in the car?,"['yes', 'no', 'None of the above']",gs://stabdiff3m/car_27/139_a car in South Korea/249.png,27_55_139_249,['no'],"[""1. Carefully examine the car's interior through the windshield."", '2. Determine if any individuals are visible inside the vehicle.']",imgsneurips/45.png
27,a car,53,A photo of a car in Colombia,55,Are there any people visible in the car?,"['yes', 'no', 'None of the above']",gs://fluxgen/car_27/53_a car in Colombia/79.png,27_55_53_79,['no'],"['The image shows a classic car parked on a cobblestone street.', ""The car's windows are clear, and the interior is visible."", 'There are no people inside the car.']",imgsneurips/46.png
27,a car,49,A photo of a car in United Kingdom,54,Does the car have a roof rack or other attachments?,"['yes', 'no', 'None of the above']",gs://fluxgen/car_27/49_a car in United Kingdom/243.png,27_54_49_243,['no'],"['The image shows a Mercedes-Benz car parked on a street.', ""There are no visible attachments like a roof rack on the car's roof or any other part.""]",imgsneurips/47.png
27,a car,49,A photo of a car in United Kingdom,51,What is the color of the car?,"['pink', 'gray', 'silver', 'yellow', 'black', 'brown', 'blue', 'purple', 'red', 'green', 'gold', 'white', 'beige', 'orange', 'None of the above']",gs://fluxgen/car_27/49_a car in United Kingdom/60.png,27_51_49_60,['green'],"['The car appears to be a dark teal or turquoise color, which falls under the category of green.']",imgsneurips/48.png
27,a car,133,A photo of a car in Spain,54,Does the car have a roof rack or other attachments?,"['yes', 'no', 'None of the above']",gs://fluxgen/car_27/133_a car in Spain/191.png,27_54_133_191,['no'],"['The image shows a white Bugatti car.', 'The car does not have a roof rack or any other attachments.']",imgsneurips/49.png
13,a cooking pot,108,A photo of a cooking pot in Egypt,32,Are there any decorations or markings on the cooking pot?,"['yes', 'no', 'None of the above']",gs://stabdiff3m/cooking pot_13/108_a cooking pot in Egypt/102.png,13_32_108_102,['no'],"['The image shows a large, dark-colored cooking pot. The pot appears to be made of metal, possibly cast iron or something similar.', 'The surface of the pot is relatively smooth and dark. There are no visible decorations, patterns, or markings on the pot itself.', 'The pot has two handles, one on each side, which appear to be made of metal and attached to the pot.', 'The focus of the image is on the contents of the pot and the wooden spoon stirring it, not the pot itself, but the visible portions of the pot show no decorations.']",imgsneurips/50.png
13,a cooking pot,112,A photo of a cooking pot in South Korea,29,"What is the shape of the cooking pot (e.g., round, oval, rectangular)?","['square', 'oval', 'round', 'rectangular', 'None of the above']",gs://stabdiff3m/cooking pot_13/112_a cooking pot in South Korea/245.png,13_29_112_245,['round'],"['The cooking pot has a circular opening and a circular base.', 'Therefore, the shape of the cooking pot is round.']",imgsneurips/51.png
13,a cooking pot,109,A photo of a cooking pot in Philippines,34,Are there any contents inside the cooking pot?,"['yes', 'no', 'None of the above']",gs://stabdiff3m/cooking pot_13/109_a cooking pot in Philippines/4.png,13_34_109_4,['yes'],"['The image shows a large cooking pot with a lid slightly ajar.', 'The contents inside the pot appear to be a dark, possibly liquid or semi-liquid substance.']",imgsneurips/52.png
13,a cooking pot,114,A photo of a cooking pot in United States of America,32,Are there any decorations or markings on the cooking pot?,"['yes', 'no', 'None of the above']",gs://fluxgen/cooking pot_13/114_a cooking pot in United States of America/9.png,13_32_114_9,['no'],"['The image shows a cooking pot on a stove.', 'The cooking pot is orange in color.', 'There are no visible decorations or markings on the cooking pot.']",imgsneurips/53.png
13,a cooking pot,31,A photo of a cooking pot in Indonesia,34,Are there any contents inside the cooking pot?,"['yes', 'no', 'None of the above']",gs://stabdiff21/cooking pot_13/31_a cooking pot in Indonesia/86.png,13_34_31_86,['no'],"['The image shows a large, dark, metal cooking pot.', 'The inside of the pot appears dark, suggesting it may be empty.', 'However, the darkness could also be due to shadow or the material of the pot itself.', 'There is no definitive visual evidence of any contents inside the pot.']",imgsneurips/54.png
13,a cooking pot,30,A photo of a cooking pot in Turkey,34,Are there any contents inside the cooking pot?,"['yes', 'no', 'None of the above']",gs://subgeodeanon_lim5/cooking pot_13/30/779.png,13_34_30_779,['no'],"['The image shows a cooking pot.', 'The cooking pot appears to be empty.']",imgsneurips/55.png
13,a cooking pot,109,A photo of a cooking pot in Philippines,28,"What material is the cooking pot made of (e.g., metal, ceramic, clay)?","['stainless steel', 'ceramic', 'glass', 'cast iron', 'copper', 'aluminum', 'clay', 'None of the above']",gs://fluxgen/cooking pot_13/109_a cooking pot in Philippines/247.png,13_28_109_247,['cast iron'],"['The pot appears to be dark gray or black, heavy and thick-walled, with a somewhat rough texture.', 'These characteristics are consistent with cast iron cookware.']",imgsneurips/56.png
13,a cooking pot,33,A photo of a cooking pot in Japan,28,"What material is the cooking pot made of (e.g., metal, ceramic, clay)?","['stainless steel', 'ceramic', 'glass', 'cast iron', 'copper', 'aluminum', 'clay', 'None of the above']",gs://stabdiff21/cooking pot_13/33_a cooking pot in Japan/206.png,13_28_33_206,['cast iron'],"['The cooking pot has a dark gray color and a smooth surface.', 'The pot also has a metallic sheen, suggesting it is made of metal.', 'The pot appears to be quite thick and sturdy, which is common for cast iron cookware.']",imgsneurips/57.png
13,a cooking pot,30,A photo of a cooking pot in Turkey,34,Are there any contents inside the cooking pot?,"['yes', 'no', 'None of the above']",gs://subgeodeanon_lim5/cooking pot_13/30/533.png,13_34_30_533,['yes'],"['The image shows a cooking pot.', 'There is a yellowish liquid inside the cooking pot.']",imgsneurips/58.png
13,a cooking pot,28,A photo of a cooking pot in United Kingdom,31,Are there any handles or grips on the cooking pot?,"['yes', 'no', 'None of the above']",gs://fluxgen/cooking pot_13/28_a cooking pot in United Kingdom/5.png,13_31_28_5,['yes'],"['The image shows a large, orange cooking pot on a stovetop.', 'The pot has a lid and two handles, one on each side.']",imgsneurips/59.png
10,a plate of food,88,A photo of a plate of food in Spain,15,Are there any recognizable brand-name products on the plate?,"['yes', 'no', 'None of the above']",gs://fluxgen/plate of food_10/88_a plate of food in Spain/0.png,10_15_88_0,['no'],"['The image shows a plate of food with what appears to be some kind of rolled and cooked meat or poultry, a sauce, cherry tomatoes, and herbs.', 'There are no visible labels or packaging on the plate to suggest the presence of any brand-name products.']",imgsneurips/60.png
10,a plate of food,92,A photo of a plate of food in Mexico,14,"Is the plate mostly full, about half full, or mostly empty?","['mostly full', 'about half full', 'mostly empty', 'None of the above']",gs://stabdiff3m/plate of food_10/92_a plate of food in Mexico/59.png,10_14_92_59,['mostly full'],"['The plate contains tortillas, a portion of seasoned meat or chicken, scrambled eggs, and lime wedges.', ""The food occupies a significant portion of the plate's surface area.""]",imgsneurips/61.png
10,a plate of food,95,A photo of a plate of food in China,14,"Is the plate mostly full, about half full, or mostly empty?","['mostly full', 'about half full', 'mostly empty', 'None of the above']",gs://fluxgen/plate of food_10/95_a plate of food in China/44.png,10_14_95_44,['about half full'],"[""The food occupies a significant portion of the plate's surface area."", 'There is still some empty space visible around the edges of the food.', 'The plate is neither overflowing nor sparsely filled.']",imgsneurips/62.png
10,a plate of food,89,A photo of a plate of food in Italy,15,Are there any recognizable brand-name products on the plate?,"['yes', 'no', 'None of the above']",gs://fluxgen/plate of food_10/89_a plate of food in Italy/92.png,10_15_89_92,['no'],"['The image shows a plate of pasta with a breaded cutlet, tomato sauce, and cherry tomatoes. There are no visible labels or branding on any of the items.', 'Therefore, there are no recognizable brand-name products on the plate.']",imgsneurips/63.png
10,a plate of food,19,A photo of a plate of food in Japan,16,Does the food appear to be homemade or from a restaurant/prepared meal?,"['homemade', 'restaurant/prepared meal', 'None of the above']",gs://stabdiff3m/plate of food_10/19_a plate of food in Japan/190.png,10_16_19_190,['restaurant/prepared meal'],"['The food is presented in a way that is more typical of a restaurant or prepared meal.', 'The components of the dish look professionally prepared and arranged.', 'The dish includes a variety of ingredients and a sauce, suggesting a level of culinary expertise often found in restaurant settings.']",imgsneurips/64.png
10,a plate of food,16,A photo of a plate of food in Turkey,19,Does the food appear fresh or processed?,"['fresh', 'processed', 'None of the above']",gs://stabdiff21/plate of food_10/16_a plate of food in Turkey/150.png,10_19_16_150,['fresh'],"['The image shows a variety of dishes, including rice, vegetables, bread, and what appears to be some kind of stew.', 'The vegetables and stew appear to be made with fresh ingredients.', 'The bread also appears to be freshly made.', 'There are no obvious signs of processed foods, such as pre-packaged meals or ingredients.']",imgsneurips/65.png
10,a plate of food,15,A photo of a plate of food in Nigeria,19,Does the food appear fresh or processed?,"['fresh', 'processed', 'None of the above']",gs://subgeodeanon_lim5/plate of food_10/15/1353.png,10_19_15_1353,['processed'],"['The image shows a bowl of a smooth, yellow substance, possibly a puree or a liquidized food.', ""The substance's uniform color and texture suggest it may have undergone processing.""]",imgsneurips/66.png
10,a plate of food,95,A photo of a plate of food in China,17,"What kind of plate is the food served on (e.g., fine china, plastic, paper)?","['paper plate', 'ceramic plate', 'metal plate', 'wooden plate', 'glass plate', 'plastic plate', 'None of the above']",gs://fluxgen/plate of food_10/95_a plate of food in China/152.png,10_17_95_152,['ceramic plate'],"['The plate has a smooth, slightly reflective surface, suggesting a non-porous material.', ""The plate's edges have a subtle lip and a decorative pattern, which is common in ceramic tableware."", 'The plate appears to have some weight and sturdiness, unlike paper or plastic plates.']",imgsneurips/67.png
10,a plate of food,91,A photo of a plate of food in Philippines,19,Does the food appear fresh or processed?,"['fresh', 'processed', 'None of the above']",gs://subgeodeanon_lim5/plate of food_10/91/22.png,10_19_91_22,['fresh'],"['The image shows a plate of rice and a bowl of what appears to be sauteed mushrooms.', 'Both rice and mushrooms can be fresh ingredients.', 'There are no visible signs of heavy processing or artificial ingredients.']",imgsneurips/68.png
10,a plate of food,16,A photo of a plate of food in Turkey,14,"Is the plate mostly full, about half full, or mostly empty?","['mostly full', 'about half full', 'mostly empty', 'None of the above']",gs://subgeodeanon_lim5/plate of food_10/16/1666.png,10_14_16_1666,['about half full'],"['The image shows a plate of food.', 'The plate contains a serving of beans in a sauce.', ""The beans and sauce occupy a significant portion of the plate's surface area, but there is still some empty space around the edges.""]",imgsneurips/69.png
30,a dog,143,A photo of a dog in Italy,60,"What is the dog's apparent age - puppy, adult, or senior?","['puppy', 'adult', 'senior', 'None of the above']",gs://subgeodeanon_lim5/dog_30/143/65.png,30_60_143_65,['adult'],"['The dog appears to be fully grown, suggesting it is not a puppy.', ""The dog's coat is white and light brown, with no visible graying, which is common in senior dogs."", ""The dog's face does not show any obvious signs of aging, such as a prominent nose or sunken eyes.""]",imgsneurips/70.png
30,a dog,143,A photo of a dog in Italy,57,What is the dog's coat color?,"['gray', 'black', 'brown', 'blue', 'sable', 'red', 'cream', 'golden', 'white', 'None of the above']",gs://stabdiff21/dog_30/143_a dog in Italy/130.png,30_57_143_130,"['black', 'brown']","[""The dog's coat has two main colors."", ""The dog's back and head are primarily black."", ""The dog's face, chest, and legs have patches of tan/light brown.""]",imgsneurips/71.png
30,a dog,62,A photo of a dog in India,61,"Are the dog's ears pointed, floppy, or cropped?","['pointed', 'floppy', 'cropped', 'None of the above']",gs://fluxgen/dog_30/62_a dog in India/247.png,30_61_62_247,['pointed'],"[""The dog's ears are sticking up and slightly pointed."", 'Cropped ears would have a straight edge from cutting, and floppy ears would hang down.']",imgsneurips/72.png
30,a dog,148,A photo of a dog in South Korea,62,"What is the dog's posture (standing, sitting, lying down)?","['standing', 'sitting', 'lying down', 'None of the above']",gs://stabdiff3m/dog_30/148_a dog in South Korea/54.png,30_62_148_54,['standing'],"[""The dog's legs are straight and it is on all fours."", 'This indicates that the dog is standing.']",imgsneurips/73.png
30,a dog,60,A photo of a dog in Colombia,58,What is the dog's coat pattern?,"['bicolor', 'spotted', 'harlequin', 'tricolor', 'merle', 'sable', 'roan', 'ticked', 'dappled', 'solid', 'brindle', 'None of the above']",gs://fluxgen/dog_30/60_a dog in Colombia/139.png,30_58_60_139,['tricolor'],"[""The dog's coat has three distinct colors: white, brown, and tan/saddle."", 'Tricolor is defined as having three colors.']",imgsneurips/74.png
30,a dog,145,A photo of a dog in Philippines,59,Is the dog wearing a collar or harness?,"['yes', 'no', 'None of the above']",gs://fluxgen/dog_30/145_a dog in Philippines/236.png,30_59_145_236,['no'],"[""The image shows a close-up of a dog's face and upper body."", 'There is no collar or harness visible in the image.']",imgsneurips/75.png
30,a dog,144,A photo of a dog in Egypt,58,What is the dog's coat pattern?,"['bicolor', 'spotted', 'harlequin', 'tricolor', 'merle', 'sable', 'roan', 'ticked', 'dappled', 'solid', 'brindle', 'None of the above']",gs://stabdiff3m/dog_30/144_a dog in Egypt/90.png,30_58_144_90,['bicolor'],"[""The dog's coat has two main colors: light brown and dark brown/black."", ""The dark brown/black is present on the dog's face, ears, and back."", ""The light brown is present on the dog's legs, chest, and underbelly.""]",imgsneurips/76.png
30,a dog,60,A photo of a dog in Colombia,59,Is the dog wearing a collar or harness?,"['yes', 'no', 'None of the above']",gs://stabdiff3m/dog_30/60_a dog in Colombia/242.png,30_59_60_242,['yes'],"['The image shows a dog wearing a red harness.', ""A harness goes around the dog's chest and back, while a collar goes around the dog's neck.""]",imgsneurips/77.png
30,a dog,147,A photo of a dog in United Arab Emirates,61,"Are the dog's ears pointed, floppy, or cropped?","['pointed', 'floppy', 'cropped', 'None of the above']",gs://stabdiff21/dog_30/147_a dog in United Arab Emirates/53.png,30_61_147_53,['None of the above'],"[""The dog's ears are not standing straight up, so they are not pointed."", ""The dog's ears are not folded over, so they are not floppy."", ""The dog's ears appear to be their natural length and shape, so they are not cropped.""]",imgsneurips/78.png
30,a dog,149,A photo of a dog in China,60,"What is the dog's apparent age - puppy, adult, or senior?","['puppy', 'adult', 'senior', 'None of the above']",gs://stabdiff3m/dog_30/149_a dog in China/229.png,30_60_149_229,['adult'],"['The dog appears to be fully grown, with adult features and proportions.', 'Its coat is smooth and healthy, without the fluffiness typically associated with puppies.', ""The dog's expression and posture suggest maturity, not the playful energy of a puppy or the frailty of a senior.""]",imgsneurips/79.png
6,a chair,13,A photo of a chair in India,10,Does the chair have arms?,"['yes', 'no', 'None of the above']",gs://stabdiff21/chair_6/13_a chair in India/125.png,6_10_13_125,['yes'],"['The image shows a blue rocking chair against a blue wall.', 'The chair has two armrests, one on each side.']",imgsneurips/80.png
6,a chair,7,A photo of a chair in United Kingdom,8,"What is the style of the chair (e.g., modern, antique, traditional, office)?","['office', 'antique', 'traditional', 'lounge', 'modern', 'accent', 'None of the above']",gs://stabdiff3m/chair_6/7_a chair in United Kingdom/188.png,6_8_7_188,['modern'],"['The chair has a simple design with clean lines.', ""The chair's construction appears to be from recent decades, not old enough to be antique."", 'The chair is made of wood, which could be used in traditional or modern styles.', ""The chair's overall aesthetic leans towards a contemporary feel.""]",imgsneurips/81.png
6,a chair,85,A photo of a chair in South Korea,9,"What function does the chair appear to be designed for (e.g., dining, office work, lounging)?","['office work', 'reclining', 'rocking', 'gaming', 'dining', 'waiting room seating', 'lounging', 'None of the above']",gs://stabdiff21/chair_6/85_a chair in South Korea/78.png,6_9_85_78,['waiting room seating'],"['The chair is located outside what appears to be a shop, indicated by the signage and partially visible storefront.', 'The chair is simple in design, with a straight back and no armrests, suggesting it is not intended for extended periods of relaxation or lounging.', 'Its placement near the entrance suggests a practical purpose related to the shop.', 'The absence of a table excludes dining or office work.']",imgsneurips/82.png
6,a chair,81,A photo of a chair in Egypt,8,"What is the style of the chair (e.g., modern, antique, traditional, office)?","['office', 'antique', 'traditional', 'lounge', 'modern', 'accent', 'None of the above']",gs://stabdiff21/chair_6/81_a chair in Egypt/241.png,6_8_81_241,['modern'],"[""The chair's design is sleek and minimalist, with curved lines and a lack of ornamentation."", 'This style is characteristic of modern furniture design.']",imgsneurips/83.png
6,a chair,11,A photo of a chair in Colombia,9,"What function does the chair appear to be designed for (e.g., dining, office work, lounging)?","['office work', 'reclining', 'rocking', 'gaming', 'dining', 'waiting room seating', 'lounging', 'None of the above']",gs://stabdiff21/chair_6/11_a chair in Colombia/132.png,6_9_11_132,"['lounging', 'waiting room seating']","['The chair has a curved back and armrests, suggesting it is designed for comfort and relaxation.', 'The chair is small and lightweight, making it suitable for casual seating.', 'The chair does not have features specific to office work, gaming, or dining, such as adjustable height or a tray table.', 'The chair is not designed for reclining or rocking.']",imgsneurips/84.png
6,a chair,81,A photo of a chair in Egypt,6,"What is the primary material of the chair's frame (e.g., wood, metal, plastic)?","['wicker', 'wood', 'bamboo', 'acrylic', 'rattan', 'fiberglass', 'plastic', 'metal', 'None of the above']",gs://subgeodeanon_lim5/chair_6/81/53.png,6_6_81_53,['wood'],"['The chair legs and frame have a smooth, polished appearance, characteristic of wood.', 'The color and texture of the legs and frame resemble typical wood finishes.', 'The chair legs have a curved design, commonly found in wooden furniture.']",imgsneurips/85.png
6,a chair,79,A photo of a chair in Spain,9,"What function does the chair appear to be designed for (e.g., dining, office work, lounging)?","['office work', 'reclining', 'rocking', 'gaming', 'dining', 'waiting room seating', 'lounging', 'None of the above']",gs://stabdiff3m/chair_6/79_a chair in Spain/77.png,6_9_79_77,"['lounging', 'waiting room seating']","['The chair has a slanted back and a cushioned seat.', ""The chair's design suggests it is meant for relaxed sitting rather than upright postures required for dining or office work."", 'The chair does not have any rocking or reclining mechanisms.', ""The chair's simple design and potential placement near a wall suggest it could be used in a waiting area.""]",imgsneurips/86.png
6,a chair,10,A photo of a chair in Indonesia,7,"What material is the upholstery made from (e.g., fabric, leather, vinyl)?","['fabric', 'vinyl', 'leather', 'None of the above']",gs://stabdiff21/chair_6/10_a chair in Indonesia/226.png,6_7_10_226,['leather'],"['The upholstery appears to have a smooth, somewhat matte finish.', 'It lacks the distinctive texture of fabric or the sheen of vinyl.', 'The color and subtle variations in tone suggest it could be leather, possibly worn or aged.']",imgsneurips/87.png
6,a chair,11,A photo of a chair in Colombia,8,"What is the style of the chair (e.g., modern, antique, traditional, office)?","['office', 'antique', 'traditional', 'lounge', 'modern', 'accent', 'None of the above']",gs://stabdiff21/chair_6/11_a chair in Colombia/165.png,6_8_11_165,['traditional'],"['The chair appears to be simply constructed, possibly handmade.', ""The design is not sleek or contemporary, ruling out 'modern'."", ""It's not ornate or elaborate, which eliminates 'antique' and 'accent'."", ""It doesn't have the features of an office chair, so 'office' is incorrect."", ""It's not designed for lounging, so 'lounge' isn't appropriate."", ""The chair's simplicity and potential handmade nature suggest it's a functional, everyday chair, aligning with a 'traditional' style, possibly used in a simple home setting.""]",imgsneurips/88.png
6,a chair,8,A photo of a chair in Nigeria,10,Does the chair have arms?,"['yes', 'no', 'None of the above']",gs://stabdiff21/chair_6/8_a chair in Nigeria/47.png,6_10_8_47,['yes'],"['The image shows a chair with two armrests, one on each side.']",imgsneurips/89.png
12,a stove,21,A photo of a stove in United Kingdom,22,How many burners or cooking elements are visible on the stove?,"['0', '1', '2', '3', '4', '5', '6', 'None of the above']",gs://stabdiff3m/stove_12/21_a stove in United Kingdom/194.png,12_22_21_194,['4'],['The image shows a stove with four distinct burners on top.'],imgsneurips/90.png
12,a stove,103,A photo of a stove in South Korea,22,How many burners or cooking elements are visible on the stove?,"['0', '1', '2', '3', '4', '5', '6', 'None of the above']",gs://fluxgen/stove_12/103_a stove in South Korea/171.png,12_22_103_171,['4'],"['The image shows a stove with a visible cooktop.', 'There are four circular elements on the cooktop that appear to be burners.', 'Therefore, there are four burners visible on the stove.']",imgsneurips/91.png
12,a stove,23,A photo of a stove in Turkey,23,Is there a built-in oven beneath the stovetop?,"['yes', 'no', 'None of the above']",gs://stabdiff3m/stove_12/23_a stove in Turkey/174.png,12_23_23_174,['yes'],"['The image shows a stovetop with a pan of food on top and an oven with food inside beneath it.', 'The oven is part of the stove unit.']",imgsneurips/92.png
12,a stove,103,A photo of a stove in South Korea,25,"Are there any pots, pans, or utensils on the stove?","['yes', 'no', 'None of the above']",gs://stabdiff21/stove_12/103_a stove in South Korea/30.png,12_25_103_30,['yes'],"['The image shows a stove with some compartments.', 'There are some wooden sticks in the left compartment, which could be considered utensils.', 'There is a roll of something in the right compartment, which is not a pot, pan, or utensil.']",imgsneurips/93.png
12,a stove,27,A photo of a stove in India,26,Is the stove built-in or freestanding?,"['built-in', 'freestanding', 'None of the above']",gs://stabdiff3m/stove_12/27_a stove in India/16.png,12_26_27_16,['freestanding'],"['The stove sits on top of a metal base and is not integrated into the surrounding structure.', 'The stove can be moved independently.']",imgsneurips/94.png
12,a stove,21,A photo of a stove in United Kingdom,22,How many burners or cooking elements are visible on the stove?,"['0', '1', '2', '3', '4', '5', '6', 'None of the above']",gs://fluxgen/stove_12/21_a stove in United Kingdom/115.png,12_22_21_115,['0'],"['The image shows a wood-burning stove, not a cooking stove.', 'Wood-burning stoves do not have burners or cooking elements. They have a firebox where wood is burned for heat.']",imgsneurips/95.png
12,a stove,105,A photo of a stove in United States of America,27,Is the stovetop flat/smooth or does it have raised coils/elements?,"['flat/smooth', 'raised coils/elements', 'None of the above']",gs://stabdiff3m/stove_12/105_a stove in United States of America/182.png,12_27_105_182,['flat/smooth'],"['The image shows a stovetop with four circular patterns, but they are flat and integrated into the surface.', 'There are no raised coils or elements protruding from the stovetop.']",imgsneurips/96.png
12,a stove,104,A photo of a stove in China,21,"What is the material of the stovetop (e.g., stainless steel, ceramic, cast iron)?","['stainless steel', 'enameled steel', 'glass', 'ceramic', 'cast iron', 'copper', 'None of the above']",gs://fluxgen/stove_12/104_a stove in China/103.png,12_21_104_103,['cast iron'],"['The stove has a dark gray/black color and a rough texture.', 'The stove appears to be made of a thick, heavy material.', 'These characteristics are consistent with cast iron stoves.']",imgsneurips/97.png
12,a stove,22,A photo of a stove in Nigeria,23,Is there a built-in oven beneath the stovetop?,"['yes', 'no', 'None of the above']",gs://stabdiff21/stove_12/22_a stove in Nigeria/16.png,12_23_22_16,['no'],"['The image shows a stove with a visible fire burning beneath a pot.', 'There is no enclosed space beneath the stovetop for baking, indicating the absence of a built-in oven.']",imgsneurips/98.png
12,a stove,27,A photo of a stove in India,27,Is the stovetop flat/smooth or does it have raised coils/elements?,"['flat/smooth', 'raised coils/elements', 'None of the above']",gs://fluxgen/stove_12/27_a stove in India/248.png,12_27_27_248,['flat/smooth'],"['The image shows a stovetop with two pots on it.', 'The stovetop appears to be flat and smooth, without any visible raised coils or elements.']",imgsneurips/99.png
